solvent1,solvent2,GE_RT_x05,gamma1_inf,gamma2_inf
1-Butanol,1-Hexanol,0.0026356667072957,1.0092407442071267,1.0123225291339233
1-Butanol,1-Octanol,0.0083989797849887,1.027653831082753,1.044416268797365
1-Butanol,Acetic acid,-0.2457325710397661,0.48378657451597,0.3629689623609938
1-Butanol,Acetone,0.0467030071608174,1.467252502337602,1.0566108553990765
1-Butanol,Acetonitrile,0.3608432832245235,6.854012946201263,3.518082558586768
1-Butanol,Carbon tetrachloride,0.359611957370623,51.62909889353069,3.0518103406657957
1-Butanol,Chloroform,-0.6961726836330102,0.1332619194975365,0.0831552949412605
1-Butanol,DMF,-0.2360609519120688,0.4625791843411017,0.2501708240685115
1-Butanol,DMSO,-0.5435601909594497,0.2040102274327806,0.0329891903580747
1-Butanol,Dichloromethane,-0.1588363936060987,2.014436209821725,0.3676633727811481
1-Butanol,Diethyl ether,0.008322964101712,1.1258236058625846,0.9968191028511436
1-Butanol,Dioxane,-0.0112237024103019,1.114765136703748,0.8005151038057193
1-Butanol,Ethyl acetate,0.1328530847591383,2.420202633052344,1.4776143636710444
1-Butanol,Methyl acetate,0.1625917640270232,2.8577774087404637,1.6623757445032747
1-Butanol,NMP,-0.3884892524712761,0.2929091803072308,0.1117661195493977
1-Butanol,THF,-0.1962375336299599,0.4538212598633339,0.4622312626684328
1-Butanol,Water,0.4538020686698674,70.40517803134546,3.388079550339604
1-Hexanol,1-Octanol,0.0017144819076317,1.00630754920606,1.0075488311380416
1-Hexanol,Acetic acid,-0.1860377926053511,0.7542245329772096,0.4205212154073181
1-Hexanol,Acetone,0.0283805727414142,1.360134886819341,0.9726622517426888
1-Hexanol,Acetonitrile,0.4023760590087406,10.216535743423837,3.6423116954733152
1-Hexanol,Carbon tetrachloride,0.2732308728220715,36.842870675992586,2.160357388623277
1-Hexanol,Chloroform,-0.7412182736468972,0.0943350519486188,0.0766704153572202
1-Hexanol,DMF,-0.2376661935531285,0.4470466722832482,0.2484589275088952
1-Hexanol,DMSO,-0.4938011785901817,0.230573993570697,0.0381020859456994
1-Hexanol,Dichloromethane,-0.1838039539482893,1.6071340583473277,0.3747002012782424
1-Hexanol,Diethyl ether,-0.0533973509882242,0.8680192376509552,0.7938020506770558
1-Hexanol,Dioxane,-0.0253103786376005,1.0658813194402228,0.7471630959762732
1-Hexanol,Ethyl acetate,0.1105792134291311,2.24960333995481,1.3312092514197091
1-Hexanol,Methyl acetate,0.1482118219602342,2.7716237373559727,1.5257010362025707
1-Hexanol,NMP,-0.4038229001751888,0.2689173686507953,0.1081067597695105
1-Hexanol,THF,-0.253558618336927,0.3458467501119778,0.3828187923269033
1-Hexanol,Water,0.6056706514685002,720.6376192103132,4.878347973067432
1-Octanol,Acetic acid,-0.1297339841856073,1.2348399503498395,0.4796134561608852
1-Octanol,Acetone,0.0078709093876612,1.2232871940033292,0.897213560042033
1-Octanol,Acetonitrile,0.4272073849731103,14.731964757765825,3.615501699906618
1-Octanol,Carbon tetrachloride,0.2002667860201311,25.57725752870645,1.6771552185829468
1-Octanol,Chloroform,-0.7728366629876118,0.0707585936068432,0.0728858237966237
1-Octanol,DMF,-0.2440887500007392,0.4235526535356856,0.2437696835043635
1-Octanol,DMSO,-0.4561718307295223,0.259384857764024,0.0414424826519973
1-Octanol,Dichloromethane,-0.2058396783049489,1.2888579475315811,0.3755076042845152
1-Octanol,Diethyl ether,-0.1074595660058963,0.6527481549838625,0.667376654293369
1-Octanol,Dioxane,-0.0421044394981869,0.9929607132935068,0.6982998232256789
1-Octanol,Ethyl acetate,0.0871821107001361,2.0195724820978835,1.2090742338175375
1-Octanol,Methyl acetate,0.130566998556575,2.5938788390833944,1.3997259422514918
1-Octanol,NMP,-0.421063586652353,0.2427616152267903,0.1046775646479933
1-Octanol,THF,-0.3040394507510838,0.2589986896871058,0.3310732509406874
1-Octanol,Water,0.7309533575068717,7717.859188714576,6.585774537155884
2-Propanol,1-Butanol,-0.0018943755903046,0.9923320936519096,0.9926353914781776
2-Propanol,1-Hexanol,0.0023521258833654,1.005707447811525,1.0153104434094982
2-Propanol,1-Octanol,0.0087990782895424,1.0241734950272086,1.058192131771861
2-Propanol,Acetic acid,-0.3404295831452611,0.319008748026986,0.2656672264433902
2-Propanol,Acetone,0.0797515642095938,1.711759975395783,1.2185799700936222
2-Propanol,Acetonitrile,0.3439548544683563,6.009451442619934,3.5245321970324555
2-Propanol,Carbon tetrachloride,0.4037695139242615,55.59728801764241,3.7835822452306256
2-Propanol,Chloroform,-0.7242542149664494,0.1291554526837507,0.0753461743714759
2-Propanol,DMF,-0.1877707955495072,0.5533097075584739,0.3180883098478706
2-Propanol,DMSO,-0.4910628433801674,0.2369916020512003,0.0472953207836543
2-Propanol,Dichloromethane,-0.1633372485039291,2.02607452377824,0.3318938491010715
2-Propanol,Diethyl ether,0.0668802567369393,1.4659403717766957,1.252422554702422
2-Propanol,Dioxane,0.0256576410550666,1.2935391439023272,0.9496376431932538
2-Propanol,Ethyl acetate,0.160991960207521,2.7467590276036558,1.6845701337938286
2-Propanol,Methyl acetate,0.1850339126715257,3.166805528612739,1.8592751505745215
2-Propanol,NMP,-0.3249116921838105,0.3627908324554186,0.1516538962280053
2-Propanol,THF,-0.1265536944134098,0.6115209969709824,0.5954644184637563
2-Propanol,Water,0.3316105196658258,20.50251994990109,2.3767338012338315
Acetic acid,Water,-0.0371384507341648,1.5226388263643738,0.5543172774822058
Acetone,Acetic acid,-0.4555560300060625,0.1961419636711987,0.1556315907047939
Acetone,Acetonitrile,0.002745894411928,1.0672306334086303,0.9716574921582262
Acetone,Carbon tetrachloride,0.2362563264734496,2.755727342661289,2.289063314472776
Acetone,Chloroform,-1.294192961067847,0.0028270309013848,0.0257116099862659
Acetone,DMF,-0.0039441263429802,0.9849168499069678,0.983838730349975
Acetone,DMSO,0.0661976021172803,1.2209645348367977,1.4491331596517267
Acetone,Dichloromethane,-0.8213477632916433,0.0386761484300417,0.0557246581423883
Acetone,Diethyl ether,0.0985136139343985,1.4835164577188962,1.4707135900245765
Acetone,Dioxane,-0.0001933648933669,0.9986739683497622,0.999994157713556
Acetone,Ethyl acetate,-0.0014868243447376,0.9957853878548588,0.991415673315728
Acetone,Methyl acetate,-0.0045499061943021,0.982615341564662,0.9813438429209655
Acetone,NMP,-0.0177629662568148,0.9359204496758382,0.9270596354974748
Acetone,THF,0.0447100147208381,1.1933995467203853,1.1956892906302166
Acetone,Water,0.2637068250321608,2.9582126262019623,9.621268064101733
Acetonitrile,Acetic acid,-0.0524991987757362,0.878410250275711,0.7188477539630063
Acetonitrile,Carbon tetrachloride,0.6230578715464079,12.170940453380265,13.044869099973171
Acetonitrile,Chloroform,-0.5095376848744759,0.071926416301193,0.2563740419604247
Acetonitrile,DMF,-0.0992600797828657,0.6639302625599333,0.7123533330628079
Acetonitrile,DMSO,-0.1410924764497774,0.6118393590461053,0.5262371090670915
Acetonitrile,Dichloromethane,-0.3125729864196787,0.2819692305434853,0.2830033325841342
Acetonitrile,Diethyl ether,0.2787507896322299,2.48060275913738,3.972602127128248
Acetonitrile,Dioxane,0.0038672354773345,0.969708579083738,1.1001469416552343
Acetonitrile,Ethyl acetate,0.0728290244569742,1.240892339917199,1.5164134534487186
Acetonitrile,Methyl acetate,0.0328076245552524,1.1047842310356373,1.194158207877262
Acetonitrile,NMP,-0.1022902494469617,0.630881292824345,0.7986047916690734
Acetonitrile,THF,0.1279609519840452,1.3617038440093965,2.0757998183696134
Acetonitrile,Water,0.5447273738406917,7.337578301858612,44.0197162205513
Benzene,1-Butanol,0.3038176489992648,2.513671125758111,29.98094165713728
Benzene,1-Hexanol,0.2476683234542669,2.00997289689684,23.946091329064423
Benzene,1-Octanol,0.1966948504202755,1.678407328439211,18.51352214870164
Benzene,2-Propanol,0.3325534075870872,2.880306094790548,31.39901114031043
Benzene,Acetic acid,0.5310963350617723,6.08425720098574,147.56971499154176
Benzene,Acetone,0.0099149588903997,1.0057952451319985,1.0693644312468782
Benzene,Acetonitrile,0.2857447381907509,3.018165441097541,3.23707826451416
Benzene,Carbon tetrachloride,0.0832406598530036,1.3798014047601854,1.4134257289382262
Benzene,Chloroform,-0.0316193275215437,0.8728101396662911,0.8880635512685912
Benzene,DMF,0.0036608494468162,0.9568500557621265,1.0842188487212676
Benzene,DMSO,0.1811948292363898,1.531161072192179,3.248889674463089
Benzene,Dichloromethane,-0.0217093613724999,0.9047009233009948,0.926435900833698
Benzene,Diethyl ether,-0.0175082690154673,0.9266235873833916,0.9377480460258888
Benzene,Dioxane,0.0075844598017607,1.0065123924586334,1.0564531029390976
Benzene,Ethanol,0.386905204070514,3.659893769245909,41.886474684560206
Benzene,Ethyl acetate,-0.0133072451980174,0.9463400005188352,0.9516455877728676
Benzene,Ethylbenzene,0.0003843960786529,0.9998959471898292,1.0040101503888554
Benzene,Methanol,0.5025676520176701,6.20119209968379,102.7617944934011
Benzene,Methyl acetate,0.0219134638830633,1.0665819347514718,1.115062356278722
Benzene,NMP,-0.0649475875334668,0.7798023660441913,0.7669933976937435
Benzene,Propanol,0.3425043463932586,2.9659747794261704,35.22815626519502
Benzene,THF,-0.0499081930904514,0.8122476540206837,0.8259833528339583
Benzene,Toluene,0.0002946941915953,1.000818962923014,1.001622864432923
Benzene,Water,1.4387031154366583,2992.411974597719,27178.324931629413
Carbon tetrachloride,Acetic acid,0.7514870985341557,17.299971398226067,499.4463450457105
Carbon tetrachloride,Diethyl ether,0.0272301010219788,1.1081172955017768,1.1204044420089387
Carbon tetrachloride,Dioxane,0.2301045846109242,2.1926166220580527,2.82334697870493
Carbon tetrachloride,Ethyl acetate,0.1752418091406149,1.8267654979731929,2.2423195998397265
Carbon tetrachloride,Methyl acetate,0.2463137582487718,2.4365180779598994,2.885314878458403
Carbon tetrachloride,Water,1.631076039818088,25083.692736867328,76520.16277826781
Chloroform,Acetic acid,-0.1587064994083504,0.6764441476304349,1.8155277235437963
Chloroform,Carbon tetrachloride,0.0386732098166589,1.1682258358368405,1.1651090424352477
Chloroform,Diethyl ether,-1.2668566273648263,0.0153705666430042,0.0134368992795848
Chloroform,Dioxane,-1.488310699484714,0.0191003496050256,0.000850427262806
Chloroform,Ethyl acetate,-1.144076333647662,0.0417249835375387,0.0039135353606846
Chloroform,Methyl acetate,-1.0414032794151518,0.0536583843752454,0.0067180097145422
Chloroform,Water,0.8887321517671043,338.94646198638696,66.15185209821621
Cyclohexane,1-Butanol,0.3899167022003289,3.405209405781766,65.56520581551396
Cyclohexane,1-Hexanol,0.2977446743458395,2.3374395676807094,46.31231134919934
Cyclohexane,1-Octanol,0.2205740167490648,1.7812307899931328,31.835818552799065
Cyclohexane,2-Propanol,0.4367347262231377,4.306747581094119,70.3995695900933
Cyclohexane,Acetic acid,0.8093977869990661,22.43616200850714,711.0294824171717
Cyclohexane,Acetone,0.3225927633362416,3.1926562167955383,4.078076402763583
Cyclohexane,Acetonitrile,0.715895602849477,19.878448600579294,18.731550406546347
Cyclohexane,Benzene,0.1216652048471,1.6493550786157158,1.612148715425811
Cyclohexane,Carbon tetrachloride,0.0032050417868962,1.0126674889854672,1.0130720528120765
Cyclohexane,Chloroform,0.0645791559236547,1.2847560492785426,1.3028425078489947
Cyclohexane,DMF,0.3744965070323314,3.188737488085496,6.678078655623415
Cyclohexane,DMSO,0.628876866554346,5.62635081110934,43.55608827645124
Cyclohexane,Dichloromethane,0.1873344273693053,2.203415886324779,2.0374060809987093
Cyclohexane,Diethyl ether,0.06993240359115,1.2995461036953382,1.348232722560187
Cyclohexane,Dioxane,0.3125849856834237,2.964402845631172,4.188915065824403
Cyclohexane,Ethanol,0.5265018220083663,6.684912682095924,106.06458590901087
Cyclohexane,Ethyl acetate,0.2506927445363333,2.3839673315097025,3.2455902396676914
Cyclohexane,Ethylbenzene,0.0672602250571643,1.273002485311688,1.3562115893593618
Cyclohexane,Methanol,0.6710366831803135,14.777940671714155,274.1766592842038
Cyclohexane,Methyl acetate,0.3274646089649382,3.312531339879594,4.197663249585912
Cyclohexane,NMP,0.2672571068438785,2.192902341414165,4.37096382409566
Cyclohexane,Propanol,0.4506037152284303,4.498830298366704,82.0382286097197
Cyclohexane,THF,0.1114628383590072,1.508727020681197,1.6081897514143813
Cyclohexane,Toluene,0.0896845227322028,1.406921005800711,1.461708140373449
Cyclohexane,Water,1.6559571460714584,31262.39527905122,97588.96782562666
DMF,Acetic acid,-1.2715725175478247,0.0035008787064272,0.0191118418599408
DMF,Carbon tetrachloride,0.2717878349065604,3.880963628722556,2.231326474958682
DMF,Chloroform,-1.9414481865206965,5.809205795068173e-05,0.0070206902197851
DMF,DMSO,0.0403504241395666,1.146527835308664,1.211795260806248
DMF,Dichloromethane,-1.2688184275790078,0.0049327520917401,0.0177910182138988
DMF,Diethyl ether,0.1311180176002497,1.8447014296853363,1.5473022421779157
DMF,Dioxane,0.0001768913724546,1.0014229195008957,1.0001122566059455
DMF,Ethyl acetate,0.00714966117958,1.0381910477644385,1.0181937480894123
DMF,Methyl acetate,-0.0100120053151031,0.960189865987758,0.9615431278843704
DMF,NMP,0.0035386704928899,1.0120449923251296,1.0168377574092258
DMF,THF,0.0637757596830612,1.3516193150284803,1.241034287136788
DMF,Water,-0.4162191053409074,0.1317981209009912,0.4577238327008784
DMSO,Acetic acid,-2.258104739648837,1.4423448093881211e-05,0.0028347399265182
DMSO,Carbon tetrachloride,0.51732264106682,20.711051239860875,3.8760656394198727
DMSO,Chloroform,-2.345202579520664,2.582917354021442e-06,0.0032866991540609
DMSO,Dichloromethane,-1.5010341495898585,0.0013477762459653,0.0103079654255316
DMSO,Diethyl ether,0.3034424485642364,5.157632746971352,2.422808044200805
DMSO,Dioxane,0.0855290470201519,1.5513852301159647,1.3093938882981302
DMSO,Ethyl acetate,0.1266499709346762,1.9226224004337331,1.4661617229831694
DMSO,Methyl acetate,0.0798168434863493,1.5533786113894286,1.2705385941046072
DMSO,NMP,0.0669274026060837,1.33884639697747,1.2726923197212232
DMSO,THF,0.1821223711894544,2.7229435056669136,1.716668337773372
DMSO,Water,-1.3135470357063253,0.0017502079069272,0.0209194175843909
Decane,1-Butanol,0.4975237991514107,6.631081882856472,63.69533392223925
Decane,1-Hexanol,0.4280345865157406,4.365920338370443,52.24219865075855
Decane,1-Octanol,0.3670044748189737,3.2496213642743794,41.44964530658056
Decane,2-Propanol,0.5268175817801035,8.556192716013081,63.35020434985542
Decane,Acetic acid,0.9812081831700246,136.77981408680108,620.9994241450529
Decane,Acetone,0.3242076592596782,4.603446533641638,2.974833808677628
Decane,Acetonitrile,0.7827359319004887,95.32085676947544,12.56537447440584
Decane,Benzene,0.0869297565145423,1.7092407390208495,1.291194920345053
Decane,Carbon tetrachloride,-0.0398684860566683,0.8213982372559251,0.8740750085148669
Decane,Chloroform,0.0104024638732015,1.0634770105872438,1.028168699741799
Decane,Cyclohexane,-0.0453117205784288,0.7970169368693797,0.8593351952935708
Decane,DMF,0.4292301051252803,5.204932533721869,5.077164760555348
Decane,DMSO,0.7952845021603119,14.0000821953484,32.27324006028357
Decane,Dichloromethane,0.1342446068034617,2.2876498755280603,1.4793579443376537
Decane,Diethyl ether,0.0317876324799298,1.1785040791486476,1.1070708739038415
Decane,Dioxane,0.3426016852075484,4.797504561581409,3.286759860237318
Decane,Ethanol,0.6097654771204186,15.257515339217914,89.30720090831214
Decane,Ethyl acetate,0.2750957212664375,3.5065227211245733,2.646700203361672
Decane,Ethylbenzene,0.0689996098812321,1.4060800751742044,1.2610254485759125
Decane,Methanol,0.7572763998655623,47.27316212457149,227.16523143641228
Decane,Methyl acetate,0.3442471790231675,5.391927196069552,3.1792999119282874
Decane,NMP,0.3227952212907868,3.213378014870232,3.6494194004637737
Decane,Propanol,0.5466032970975065,9.250375849547286,74.19932163632409
Decane,THF,0.0645624359649836,1.3484713399345027,1.2387871038576603
Decane,Toluene,0.0738428796152446,1.4912444411663317,1.2634396212910934
Decane,Water,1.9209599304111729,23932376.482024822,98065.41297071114
Dichloromethane,Acetic acid,0.0298427082627205,0.7744332612837099,11.04818240707674
Dichloromethane,Carbon tetrachloride,0.1434164398759032,1.7088915044179986,1.852075634228386
Dichloromethane,Chloroform,0.0287065843768674,1.1088872494956878,1.1362036487295797
Dichloromethane,Diethyl ether,-0.6239006778452327,0.0737227817299889,0.1189717135428875
Dichloromethane,Dioxane,-0.9186317242770944,0.0474697737974329,0.0214553213429093
Dichloromethane,Ethyl acetate,-0.7245785472966482,0.0893217597727237,0.0432657200487722
Dichloromethane,Methyl acetate,-0.6766916059462196,0.0973193807279013,0.0590517572246842
Dichloromethane,Water,1.095803553829965,193.41475870870423,1477.1235184049804
Diethyl ether,Acetic acid,-0.2953985328209489,0.6926311289965175,0.1465765890551982
Diethyl ether,Dioxane,0.0970711242295467,1.446778670979698,1.4976291479321149
Diethyl ether,Ethyl acetate,0.0565873406189572,1.2357214746769891,1.2738032573857685
Diethyl ether,Methyl acetate,0.097980517966064,1.4783771490576745,1.477237891775372
Diethyl ether,Water,0.5475912899625581,167.11157741418302,10.382182295098454
Dioxane,Acetic acid,-0.671643750241464,0.0738510812754765,0.0966841410343027
Dioxane,Ethyl acetate,0.0077711776106643,1.0309936392105277,1.0319437614277938
Dioxane,Methyl acetate,0.0027219888115985,1.011559368326134,1.010358596079177
Dioxane,Water,0.1368020588298009,2.3349080413698604,4.546541312045456
Ethanol,1-Butanol,0.0091619747915896,1.0312086467647592,1.0456386364322503
Ethanol,1-Hexanol,0.0231457944394487,1.0733841290934891,1.1401506867043416
Ethanol,1-Octanol,0.0369777025118285,1.1126307094075876,1.2677015332402342
Ethanol,2-Propanol,0.0058529148537276,1.021905654911344,1.0257116704138842
Ethanol,Acetic acid,-0.3835883059632413,0.2545105162359211,0.2346420526499778
Ethanol,Acetone,0.0923035265163912,1.843321424457032,1.2714325557425592
Ethanol,Acetonitrile,0.3098213189081791,5.131999619546935,3.2396132320316235
Ethanol,Carbon tetrachloride,0.4881006230125524,82.27445904028855,5.654872020576951
Ethanol,Chloroform,-0.663080561177726,0.1721545773364249,0.0900133426553608
Ethanol,DMF,-0.1916118060772686,0.5585048252186501,0.3057930554664568
Ethanol,DMSO,-0.5399976185300218,0.2102312575639718,0.0384455805804858
Ethanol,Dichloromethane,-0.1308005936488508,2.554735986858757,0.3445828725218228
Ethanol,Diethyl ether,0.1183468551808066,1.780743540473472,1.5907952515804022
Ethanol,Dioxane,0.0364536890994761,1.367296445515636,0.9896769100917592
Ethanol,Ethyl acetate,0.1826004470781103,3.050836310215609,1.8474338841148512
Ethanol,Methyl acetate,0.1977275889329128,3.417375923856106,1.96186273869902
Ethanol,NMP,-0.3179430393675589,0.3753006052824034,0.1541047685818443
Ethanol,Propanol,0.0028094214625539,1.0100815954705031,1.012694951481879
Ethanol,THF,-0.0846285439358943,0.715909337093398,0.7137020357626617
Ethanol,Water,0.2178900579245228,6.500023002055557,1.7496622606716865
Ethyl acetate,Acetic acid,-0.1639753655825032,0.5879847365227203,0.4592464103989508
Ethyl acetate,Methyl acetate,0.0041660930214995,1.018237752283056,1.015485176793045
Ethyl acetate,Water,0.5823967677740529,28.780804896752997,41.49176434814388
Ethylbenzene,1-Butanol,0.3568464223981176,3.2000706127468668,35.02870948920381
Ethylbenzene,1-Hexanol,0.2983668514196771,2.464243404747823,28.34005765261785
Ethylbenzene,1-Octanol,0.2459642577790562,2.0137565603127188,22.17541024854478
Ethylbenzene,2-Propanol,0.3840899465240042,3.731264503846751,35.988508994783096
Ethylbenzene,Acetic acid,0.6580990356378301,12.766375931767184,203.02991672029
Ethylbenzene,Acetone,0.0718841693987311,1.286338651763157,1.336576730052658
Ethylbenzene,Acetonitrile,0.4029483190599328,6.24198356122699,4.338724682503066
Ethylbenzene,Carbon tetrachloride,0.0369697633095811,1.179510959367228,1.143006347169348
Ethylbenzene,Chloroform,-0.0564015319114505,0.7684237798335148,0.8217255337545099
Ethylbenzene,DMF,0.0944308861096079,1.2960785830532306,1.5639836335051522
Ethylbenzene,DMSO,0.3276476318368544,2.4231555802850155,5.6451965059652585
Ethylbenzene,Dichloromethane,-0.0175726903388024,0.9058609946250528,0.9440750607427196
Ethylbenzene,Diethyl ether,-0.0179271799938058,0.9249428323079564,0.9361283713420716
Ethylbenzene,Dioxane,0.0734259595582127,1.2962977251158403,1.3587232202268076
Ethylbenzene,Ethanol,0.4475020029792103,5.1562664319978815,48.73241403854951
Ethylbenzene,Ethyl acetate,0.0443928694912696,1.178104033843048,1.2044178821568818
Ethylbenzene,Methanol,0.5748890618629381,10.229356738654742,120.94122003228016
Ethylbenzene,Methyl acetate,0.0872492764321719,1.4041444995453434,1.4086255426768308
Ethylbenzene,NMP,0.0141646322830533,0.993818439546394,1.1165381430394568
Ethylbenzene,Propanol,0.398098321915088,3.915647014596456,40.956075862397206
Ethylbenzene,THF,-0.0400940890839192,0.8277318399293357,0.8702774349713974
Ethylbenzene,Water,1.597891674171419,36552.39012770869,36497.42472163977
Heptane,1-Butanol,0.4459726897419275,4.635688674020588,65.12650183104233
Heptane,1-Hexanol,0.3668513892461424,3.15528675698617,50.3424432998334
Heptane,1-Octanol,0.2988409565349559,2.3923822254528875,37.735611353654
Heptane,2-Propanol,0.4838687146016426,5.89797898839278,66.99344730385027
Heptane,Acetic acid,0.8931867175161388,48.51121404797232,654.9570686428284
Heptane,Acetone,0.3240325597817396,3.7260191097520217,3.4273108306199105
Heptane,Acetonitrile,0.7477608346624613,37.9254309242602,14.875005599616289
Heptane,Benzene,0.1106764093288759,1.7142008367010324,1.459657732252892
Heptane,Carbon tetrachloride,-0.0063814142707404,0.9729103690129476,0.976474191821752
Heptane,Chloroform,0.0438848709914779,1.215269935580474,1.1705671974304237
Heptane,Cyclohexane,-0.0096424203006575,0.9584992734003184,0.9653350794345362
Heptane,DMF,0.4018728129111074,3.948287156633081,5.71001773702896
Heptane,DMSO,0.7100493769087609,8.374439942674687,36.31534352765114
Heptane,Decane,-0.0111238588747286,0.9603412634306996,0.9518705372792168
Heptane,Dichloromethane,0.163656291519686,2.250632807253412,1.7269310678874346
Heptane,Diethyl ether,0.0546333858554052,1.261353872245028,1.227094209477932
Heptane,Dioxane,0.3315909978238349,3.70619228981116,3.702251777714261
Heptane,Ethanol,0.5677822061865119,9.557461931740187,96.58277113126564
Heptane,Ethyl acetate,0.2643010226273534,2.8255661664025693,2.906828914826558
Heptane,Ethylbenzene,0.0777180381778304,1.380358574363369,1.3508144817751055
Heptane,Methanol,0.7123833995490745,24.066939225923804,246.48836431469505
Heptane,Methyl acetate,0.3367106753377337,4.076173217222864,3.602654388407395
Heptane,NMP,0.2976779493751748,2.6310993979218606,3.972670642911005
Heptane,Octane,-0.0015262763514243,0.9941385291187914,0.9936945245521352
Heptane,Propanol,0.4997337328730937,6.223727961339467,78.03572559069816
Heptane,THF,0.0927327525902487,1.4643497185781165,1.4163417966437082
Heptane,Toluene,0.0895976176425071,1.4873435313035908,1.3879104555621171
Heptane,Water,1.7875813645575829,537028.3948423063,96630.65695332923
Hexane,1-Butanol,0.4213650895555395,4.030017771155271,64.54278626860061
Hexane,1-Hexanol,0.338296450108657,2.7726690047633324,48.43447905638792
Hexane,1-Octanol,0.2674512037749951,2.114846853037066,35.279600435497336
Hexane,2-Propanol,0.4627883832993448,5.104403919879321,67.5165102917758
Hexane,Acetic acid,0.8543126146558162,33.77733890931183,660.4895970958465
Hexane,Acetone,0.3185924667135247,3.405213053853427,3.589084548184189
Hexane,Acetonitrile,0.7280829981750961,27.468522242985404,15.801475131368615
Hexane,Benzene,0.1145093997825145,1.6794714861035935,1.511729391112128
Hexane,Carbon tetrachloride,0.0011908519750855,1.0053912524681043,1.0042045377637852
Hexane,Chloroform,0.0518128294013255,1.2426700834807436,1.216485359436902
Hexane,Cyclohexane,-0.0012137290100544,0.9951562679434348,0.9952446673153562
Hexane,DMF,0.385909202590548,3.532608837628725,5.915104209396077
Hexane,DMSO,0.6719725746615649,6.929443723069318,37.69143702178644
Hexane,Decane,-0.0219265553868183,0.9258193874015314,0.903198972800611
Hexane,Dichloromethane,0.1700644821540642,2.1928853926717107,1.818216562230484
Hexane,Diethyl ether,0.0579892521265874,1.261739760333328,1.2579273652087166
Hexane,Dioxane,0.3217162113442016,3.3350365583224986,3.834112786459107
Hexane,Ethanol,0.5472698821758257,8.016356580304944,98.47515712193086
Hexane,Ethyl acetate,0.2543407496636952,2.576983392091639,2.9711275550749714
Hexane,Ethylbenzene,0.0753099552035394,1.3423267806967425,1.3619396475142294
Hexane,Heptane,-0.0018429579280137,0.99295012444909,0.992363426755026
Hexane,Methanol,0.6911694751570818,18.85880901395855,252.3607706845147
Hexane,Methyl acetate,0.3280854971370471,3.64156863671594,3.740768510964071
Hexane,NMP,0.2826549165266162,2.4134652162186323,4.049483286211236
Hexane,Octane,-0.0067142080201615,0.9753942277040992,0.9713702132204308
Hexane,Propanol,0.4771157548355009,5.343433323072203,78.4484889493808
Hexane,THF,0.0986418428999283,1.4728847523418678,1.4758224481418245
Hexane,Toluene,0.0900861913726784,1.4541443836776082,1.4169484787174798
Hexane,Water,1.7317083118051917,150122.71137601542,95403.02026645212
Methanol,1-Butanol,0.0508577341758332,1.1820138727183909,1.3028224180537782
Methanol,1-Hexanol,0.0801679657687887,1.275590058903458,1.6305728699089952
Methanol,1-Octanol,0.1064235791191506,1.3612526668154434,2.0876122617984274
Methanol,2-Propanol,0.0346039228574761,1.1259188793186552,1.1817259535245133
Methanol,Acetic acid,-0.3732973714227876,0.2460952695847496,0.2493909285125798
Methanol,Acetone,0.144955087116548,2.4666019805118986,1.545624703282689
Methanol,Acetonitrile,0.3174386926497471,6.019767484759958,3.4433212713601296
Methanol,Carbon tetrachloride,0.6303451085274818,214.0096817815404,11.945479302063127
Methanol,Chloroform,-0.4857797267204196,0.4337679285084294,0.1483548048049868
Methanol,DMF,-0.1788041986984149,0.5994272315780607,0.2945059197596387
Methanol,DMSO,-0.6266577170955481,0.1660730650375614,0.0234339620930885
Methanol,Dichloromethane,-0.0104998583684898,6.40341831067117,0.4592437066464181
Methanol,Diethyl ether,0.2070709282685318,2.5059496903293,2.5675617114992693
Methanol,Dioxane,0.0793400441612784,1.7024286718448565,1.163792343712302
Methanol,Ethanol,0.0126767983173405,1.0475556473204215,1.057396982334731
Methanol,Ethyl acetate,0.2555336713853483,4.534871156735218,2.5674551901704907
Methanol,Methyl acetate,0.2600421740013592,5.019408132841655,2.536177857701551
Methanol,NMP,-0.3040222726084782,0.3934339194313634,0.1551477864278899
Methanol,Propanol,0.0325729127469318,1.1192207301930432,1.1685482630246151
Methanol,THF,-0.0225803603626181,0.8871077293594902,0.982420084629388
Methanol,Water,0.078905590536602,2.0263358208889954,1.165550215633675
Methyl acetate,Acetic acid,-0.1476669524805258,0.5821812003725996,0.5200146824188755
Methyl acetate,Water,0.5435698114206833,11.512271462807576,45.997881629754616
NMP,Acetic acid,-1.529827812486472,0.0010592656296184,0.010808118569779
NMP,Carbon tetrachloride,0.1666637977642605,2.4975005781478155,1.5813610468178896
NMP,Chloroform,-2.218445087255015,1.2152020513571752e-05,0.003951726372499
NMP,Dichloromethane,-1.454392533963786,0.0019252428017154,0.0117413154198851
NMP,Diethyl ether,0.0718718153436079,1.441406480542239,1.2539791494664336
NMP,Dioxane,-0.0160772764951566,0.9349615635922878,0.9404232073940952
NMP,Ethyl acetate,-0.0161711347989643,0.9353600430264364,0.9395643476133104
NMP,Methyl acetate,-0.0251488294286397,0.8982472432121926,0.910061527719242
NMP,THF,0.0184256303426133,1.107297342991326,1.0564295193487208
NMP,Water,-0.5836762298124469,0.1543910650130736,0.214297737825598
Octane,1-Butanol,0.4665572666394743,5.278733484186742,65.08447513391155
Octane,1-Hexanol,0.3910253162895401,3.5536732448835218,51.53294397204228
Octane,1-Octanol,0.3256052314589526,2.677979792823705,39.53162329315655
Octane,2-Propanol,0.5012669060171584,6.747711011295958,66.04548053084213
Octane,Acetic acid,0.9270994350205196,69.32440182432286,646.2124359074627
Octane,Acetone,0.3265849417747162,4.03979672179679,3.2708825174958096
Octane,Acetonitrile,0.7632918472893534,52.15678059257012,14.042285402558733
Octane,Benzene,0.1044565737421239,1.7303273160279784,1.4038461899755317
Octane,Carbon tetrachloride,-0.0162084582436868,0.9289946345695383,0.943725195721386
Octane,Chloroform,0.0340098477153019,1.1743020267221151,1.1226541812492927
Octane,Cyclohexane,-0.0202948810397672,0.910597407730479,0.9308779737635666
Octane,DMF,0.414349061883989,4.375385359598905,5.5031274901540295
Octane,DMSO,0.7433960848522599,10.048837844276171,34.99384127092153
Octane,Decane,-0.0044259734543578,0.98349705967937,0.9813258232745344
Octane,Dichloromethane,0.1552817967298772,2.2862253058182964,1.6395075429179906
Octane,Diethyl ether,0.0486679149883499,1.245221998094827,1.1893289008705217
Octane,Dioxane,0.3381992797125739,4.082581951964741,3.565937081933692
Octane,Ethanol,0.5847291841297279,11.287641313245931,94.34008670010792
Octane,Ethyl acetate,0.2707920175328598,3.067848978964157,2.8280627295618075
Octane,Ethylbenzene,0.0771341592543798,1.403579266155358,1.3279094364907116
Octane,Methanol,0.7302046916166913,30.46229926895193,240.2192269321223
Octane,Methyl acetate,0.3420207151515566,4.521203402805852,3.461133714303393
Octane,NMP,0.3093360846284347,2.842654014238586,3.8797984917501673
Octane,Propanol,0.5185430809064453,7.1778238447310185,77.09435571747768
Octane,THF,0.0847749561395776,1.439071661920531,1.3558760444651248
Octane,Toluene,0.0863740688728639,1.504200810608567,1.350452008811904
Octane,Water,1.8375240480714865,1936944.235021216,97504.47018370595
Pentane,1-Butanol,0.3895662894863793,3.4290646722038027,62.59533929321704
Pentane,1-Hexanol,0.3018676328657523,2.384687317043259,45.13830935062286
Pentane,1-Octanol,0.2277277660566878,1.8298754955793528,31.631088867033363
Pentane,2-Propanol,0.4350465470239354,4.322673608726374,66.95897499702751
Pentane,Acetic acid,0.8059864648905458,22.887366073012963,654.9959573829966
Pentane,Acetone,0.3067933052778542,3.042077116247413,3.7205190111745936
Pentane,Acetonitrile,0.6995507331255812,19.34294765903327,16.679126164876482
Pentane,Benzene,0.1135582240047773,1.6111780885234883,1.5477250645942149
Pentane,Carbon tetrachloride,0.0049206569122141,1.0197945811947309,1.019849646530127
Pentane,Chloroform,0.0557879502562359,1.2458453096057325,1.2515136198336567
Pentane,Cyclohexane,0.0036043084247816,1.0145714966239785,1.0144667527618627
Pentane,DMF,0.3619954410615828,3.086549208014905,6.029771822803784
Pentane,DMSO,0.6233801538084364,5.591277105352511,38.40499189424106
Pentane,Decane,-0.0391455152726731,0.8759278930620489,0.8249600219288733
Pentane,Dichloromethane,0.1721586477215002,2.09141145021338,1.9023645149380024
Pentane,Diethyl ether,0.0569185695338248,1.2389515781591782,1.2721718196689735
Pentane,Dioxane,0.3045490146605153,2.9292615846643657,3.912434165330908
Pentane,Ethanol,0.5204132708413102,6.580061722934054,99.23577047648912
Pentane,Ethyl acetate,0.2374619377871857,2.29897369803605,2.9841632820866897
Pentane,Ethylbenzene,0.0669987210700227,1.277895783106657,1.344383670960735
Pentane,Heptane,-0.0087084503411315,0.968504020465236,0.9625928957541892
Pentane,Hexane,-0.0025435989363603,0.9903486547668606,0.9893956093036193
Pentane,Methanol,0.6638441216748527,14.447775546291266,256.2217511905287
Pentane,Methyl acetate,0.31263074492334,3.1798083381652207,3.835888697378251
Pentane,NMP,0.2596713823582167,2.1615691372764743,4.03676100984508
Pentane,Octane,-0.0174641524655366,0.9397260948849588,0.9234013125113164
Pentane,Propanol,0.4477110699438542,4.4900515444870415,77.56459152273025
Pentane,THF,0.100148406840066,1.4514264896289446,1.5221706892495643
Pentane,Toluene,0.0852222929638051,1.3922168091122464,1.422944706890255
Pentane,Water,1.665227275720799,40067.53655976261,93023.56787352488
Propanol,1-Butanol,0.0017261581722156,1.006415667285941,1.0074952568272988
Propanol,1-Hexanol,0.0090547899417051,1.030406795022061,1.046567821241392
Propanol,1-Octanol,0.0182603050496003,1.0580744031464426,1.1087062578305138
Propanol,2-Propanol,-0.0011500779595181,0.995414321958927,0.9954249485582144
Propanol,Acetic acid,-0.2989346417844838,0.3680339056456985,0.3093107280112256
Propanol,Acetone,0.063054251933144,1.608466418747812,1.1237232069842524
Propanol,Acetonitrile,0.3377998135331533,5.894798227546697,3.424158828425768
Propanol,Carbon tetrachloride,0.4170406570940729,64.25801389575912,3.944574062834275
Propanol,Chloroform,-0.6690904441905446,0.1574033827954789,0.0883601485892734
Propanol,DMF,-0.2246947136860333,0.4931345208578637,0.2588460127737784
Propanol,DMSO,-0.5560031476120803,0.1994147180485881,0.0324482180805897
Propanol,Dichloromethane,-0.1395371729088065,2.3139343848819065,0.3678270972325153
Propanol,Diethyl ether,0.0524734390510921,1.366580217202302,1.1888549695348491
Propanol,Dioxane,0.0044559718793317,1.2029394620486096,0.8515668749892227
Propanol,Ethyl acetate,0.1516543629803147,2.661049890480861,1.6003154848215386
Propanol,Methyl acetate,0.1755996122179495,3.0700284702440324,1.7672437821230602
Propanol,NMP,-0.3668062766692464,0.3202762846184561,0.1198873753515483
Propanol,THF,-0.1530778468527292,0.5491773274395252,0.539206009416936
Propanol,Water,0.3540189708365281,21.84854337661204,2.60196461321062
THF,Acetic acid,-0.8332955979198459,0.1001940153952759,0.0310382732647777
THF,Carbon tetrachloride,0.0502610745791847,1.2388002038871564,1.1930839310048846
THF,Chloroform,-1.6777342522103675,0.0032688973210505,0.0062527363253116
THF,Dichloromethane,-0.8993226897753199,0.0484058956959699,0.0275698687035824
THF,Diethyl ether,0.0066219879762132,1.0269156037120233,1.0263785593038963
THF,Dioxane,0.0339353283738201,1.140026276197448,1.148774321495352
THF,Ethyl acetate,0.0069441044040341,1.027370102466914,1.028058471623839
THF,Methyl acetate,0.0364793408220067,1.160305518875196,1.1508717980518437
THF,Water,0.0568442737727388,11.067808868981396,1.1419033400583374
Toluene,1-Butanol,0.3329579402127862,2.8566203427823726,32.9836147114869
Toluene,1-Hexanol,0.2747661938575025,2.2357582530601765,26.42060803985124
Toluene,1-Octanol,0.2224503868262389,1.8436425489052808,20.47414971634709
Toluene,2-Propanol,0.3614592561152735,3.308698679803352,34.24700393600425
Toluene,Acetic acid,0.6037356153926926,9.063919082844146,179.60451183918298
Toluene,Acetone,0.0500278170815433,1.1720686741505542,1.2456892067295402
Toluene,Acetonitrile,0.3561245262253525,4.514826167096666,3.9197033998318944
Toluene,Carbon tetrachloride,0.0557100584805251,1.2614770663089534,1.2386437223660285
Toluene,Chloroform,-0.0488043259120147,0.804098553894978,0.838602712835002
Toluene,DMF,0.0615873675912963,1.1578610346697538,1.3872771218520623
Toluene,DMSO,0.2705482010721478,2.0144097589448697,4.687464772614253
Toluene,Dichloromethane,-0.0215619599641931,0.8940161643772281,0.931121000616165
Toluene,Diethyl ether,-0.0160958602171386,0.9330779148989696,0.941740392673894
Toluene,Dioxane,0.0497821668419016,1.1767637614254554,1.252316987805178
Toluene,Ethanol,0.4213662584553356,4.397470602701262,46.19332779637837
Toluene,Ethyl acetate,0.0228303904163078,1.0794098178850875,1.111167746133615
Toluene,Ethylbenzene,-6.921761943479154e-05,0.9995855397312152,0.9998744370571996
Toluene,Methanol,0.5441952558861187,8.110222510214665,114.22648882554805
Toluene,Methyl acetate,0.0628941032440046,1.255746854094938,1.3028111206519446
Toluene,NMP,-0.0129974059682922,0.9155659939763886,0.9889363597445544
Toluene,Propanol,0.3735285487028421,3.438915560971039,38.73369958334382
Toluene,THF,-0.0401698872021625,0.8368743319883818,0.8645291153200497
Toluene,Water,1.5275654392268214,11046.35607055749,32452.983646640834
